entry_date,exit_date,res,pnl,r,eq,symbol,modelo
2024-12-16 00:00:00+00:00,2024-12-20,sl,-126.00071990713617,-1.0080057592570895,9873.999280092863,BTCUSDT,base
2025-01-18 00:00:00+00:00,2025-02-03,sl,-124.44654785826286,-1.0082767424069932,9749.5527322346,BTCUSDT,base
2025-04-23 00:00:00+00:00,2025-05-21,tp,242.57663604963778,1.9904637081257295,9992.129368284239,BTCUSDT,base
2025-05-22 00:00:00+00:00,2025-06-05,sl,-126.29903040405578,-1.011188112155059,9865.830337880183,BTCUSDT,base
2025-07-10 00:00:00+00:00,2025-08-14,tp,244.79627648274834,1.9850029290923026,10110.626614362931,BTCUSDT,base
2025-09-17 00:00:00+00:00,2025-09-25,sl,-128.28097013593256,-1.01501895009118,9982.345644226998,BTCUSDT,base
2025-10-02 00:00:00+00:00,2025-10-10,sl,-126.60426132466904,-1.014625346281308,9855.74138290233,BTCUSDT,base
2024-12-16 00:00:00+00:00,2024-12-20,stop,-126.00071990713617,-1.0080057592570895,9873.999280092863,BTCUSDT,variante
2025-01-18 00:00:00+00:00,2025-02-03,stop,-124.44654785826286,-1.0082767424069932,9749.5527322346,BTCUSDT,variante
2025-04-23 00:00:00+00:00,2025-06-05,stop,148.34918623525783,1.2172799332201254,9897.901918469859,BTCUSDT,variante
2025-07-10 00:00:00+00:00,2025-08-18,stop,93.06379083797964,0.7521900427347665,9990.965709307839,BTCUSDT,variante
2025-09-17 00:00:00+00:00,2025-09-25,stop,-126.7627440582328,-1.01501895009118,9864.202965249606,BTCUSDT,variante
2025-10-02 00:00:00+00:00,2025-10-10,stop,-125.10587936756856,-1.014625346281308,9739.097085882036,BTCUSDT,variante
2024-12-05 00:00:00+00:00,2024-12-19,sl,-125.78664449265514,-1.0062931559412411,9874.213355507345,ETHUSDT,base
2025-06-11 00:00:00+00:00,2025-06-13,sl,-124.17664173819264,-1.0060681272918461,9750.036713769152,ETHUSDT,base
2025-07-10 00:00:00+00:00,2025-07-16,tp,242.79421448002293,1.9921501558011177,9992.830928249175,ETHUSDT,base
2025-07-17 00:00:00+00:00,2025-08-09,tp,248.79562905969038,1.9917929631440796,10241.626557308866,ETHUSDT,base
2025-08-10 00:00:00+00:00,2025-10-10,sl,-128.8644647075859,-1.0065937396682183,10112.76209260128,ETHUSDT,base
2024-12-05 00:00:00+00:00,2024-12-19,stop,-125.78664449265514,-1.0062931559412411,9874.213355507345,ETHUSDT,variante
2025-06-11 00:00:00+00:00,2025-06-13,stop,-124.17664173819264,-1.0060681272918461,9750.036713769152,ETHUSDT,variante
2025-07-10 00:00:00+00:00,2025-08-01,stop,259.68411784989854,2.1307334564857063,10009.72083161905,ETHUSDT,variante
2025-08-09 00:00:00+00:00,2025-09-01,stop,61.669650299601635,0.4928780839105716,10071.390481918652,ETHUSDT,variante
2025-10-07 00:00:00+00:00,2025-10-10,stop,-126.92340784375001,-1.0081897475556558,9944.467074074902,ETHUSDT,variante
2025-05-10 00:00:00+00:00,2025-06-21,sl,-126.47319443125642,-1.0117855554500514,9873.526805568743,BNBUSDT,base
2025-07-10 00:00:00+00:00,2025-07-18,tp,244.6590724630694,1.9823439164621894,10118.185878031813,BNBUSDT,base
2025-07-19 00:00:00+00:00,2025-07-27,tp,251.21180857902544,1.9862201513767097,10369.397686610839,BNBUSDT,base
2025-07-28 00:00:00+00:00,2025-07-30,sl,-130.809047447394,-1.009193022783162,10238.588639163445,BNBUSDT,base
2025-08-23 00:00:00+00:00,2025-09-21,tp,254.83996696930376,1.9912116870836662,10493.42860613275,BNBUSDT,base
2025-10-03 00:00:00+00:00,2025-10-07,tp,261.1206106600179,1.990736263321289,10754.549216792768,BNBUSDT,base
2025-10-08 00:00:00+00:00,2025-10-10,sl,-135.383959373645,-1.007082354784327,10619.165257419123,BNBUSDT,base
2026-01-05 00:00:00+00:00,2026-01-31,sl,-134.12820885807182,-1.010461410905062,10485.037048561051,BNBUSDT,base
2025-05-10 00:00:00+00:00,2025-06-21,stop,-126.47319443125642,-1.0117855554500514,9873.526805568743,BNBUSDT,variante
2025-07-10 00:00:00+00:00,2025-07-30,stop,407.29953935725354,3.3001341658588177,10280.826344925996,BNBUSDT,variante
2025-08-23 00:00:00+00:00,2025-09-22,stop,127.58658894028724,0.9928119367817656,10408.412933866282,BNBUSDT,variante
2025-10-03 00:00:00+00:00,2025-10-10,stop,115.52446630155623,0.8879314611023513,10523.937400167839,BNBUSDT,variante
2026-01-05 00:00:00+00:00,2026-01-31,stop,-132.92540792062684,-1.010461410905062,10391.011992247211,BNBUSDT,variante
2025-03-03 00:00:00+00:00,2025-03-03,sl,-125.4242374883487,-1.0033938999067895,9874.575762511651,ADAUSDT,base
2025-05-11 00:00:00+00:00,2025-05-18,sl,-124.06823269603659,-1.0051529153651795,9750.507529815615,ADAUSDT,base
2025-07-18 00:00:00+00:00,2025-08-01,sl,-122.51831242212968,-1.005226134516479,9627.989217393486,ADAUSDT,base
2025-08-14 00:00:00+00:00,2025-09-25,sl,-120.93771812765397,-1.004884533183094,9507.051499265832,ADAUSDT,base
2025-03-03 00:00:00+00:00,2025-03-03,sl,-125.4242374883487,-1.0033938999067895,9874.575762511651,ADAUSDT,variante
2025-05-11 00:00:00+00:00,2025-05-18,stop,-124.06823269603659,-1.0051529153651795,9750.507529815615,ADAUSDT,variante
2025-07-18 00:00:00+00:00,2025-08-01,stop,-122.51831242212968,-1.005226134516479,9627.989217393486,ADAUSDT,variante
2025-08-14 00:00:00+00:00,2025-09-25,stop,-120.93771812765397,-1.004884533183094,9507.051499265832,ADAUSDT,variante
2025-01-12 00:00:00+00:00,2025-02-03,sl,-125.52931045639863,-1.0042344836511892,9874.470689543601,XRPUSDT,base
2025-03-03 00:00:00+00:00,2025-03-03,sl,-123.85954995442886,-1.0034729260827135,9750.611139589173,XRPUSDT,base
2025-05-11 00:00:00+00:00,2025-05-30,sl,-122.67818390851396,-1.006527136830792,9627.932955680659,XRPUSDT,base
2025-07-10 00:00:00+00:00,2025-07-11,tp,239.65575316289343,1.9913371168335117,9867.588708843552,XRPUSDT,base
2025-07-12 00:00:00+00:00,2025-07-17,tp,245.75515287067665,1.992423155216637,10113.34386171423,XRPUSDT,base
2025-07-18 00:00:00+00:00,2025-07-23,sl,-127.15904196364032,-1.0058714008135121,9986.18481975059,XRPUSDT,base
2025-01-12 00:00:00+00:00,2025-02-03,stop,-125.52931045639863,-1.0042344836511892,9874.470689543601,XRPUSDT,variante
2025-03-03 00:00:00+00:00,2025-03-03,sl,-123.85954995442886,-1.0034729260827135,9750.611139589173,XRPUSDT,variante
2025-05-11 00:00:00+00:00,2025-05-30,stop,-122.67818390851396,-1.006527136830792,9627.932955680659,XRPUSDT,variante
2025-07-10 00:00:00+00:00,2025-07-23,stop,347.6746263649345,2.8888828201471846,9975.607582045594,XRPUSDT,variante
2025-01-17 00:00:00+00:00,2025-02-03,sl,-125.51836601010697,-1.0041469280808557,9874.481633989893,LTCUSDT,base
2025-05-10 00:00:00+00:00,2025-05-30,sl,-124.11510417620751,-1.0055422352418304,9750.366529813686,LTCUSDT,base
2025-07-18 00:00:00+00:00,2025-08-05,tp,242.76284015211183,1.991825348594362,9993.129369965798,LTCUSDT,base
2025-08-13 00:00:00+00:00,2025-08-25,sl,-125.56473083730643,-1.0052084882614598,9867.564639128492,LTCUSDT,base
2025-10-10 00:00:00+00:00,2025-10-10,sl,-124.203559758492,-1.006964245390232,9743.361079369999,LTCUSDT,base
2025-11-10 00:00:00+00:00,2025-11-20,sl,-122.2302331196595,-1.003598098224748,9621.13084625034,LTCUSDT,base
2025-01-17 00:00:00+00:00,2025-02-03,stop,-125.51836601010697,-1.0041469280808557,9874.481633989893,LTCUSDT,variante
2025-05-10 00:00:00+00:00,2025-05-30,stop,-124.11510417620751,-1.0055422352418304,9750.366529813686,LTCUSDT,variante
2025-07-18 00:00:00+00:00,2025-08-19,stop,124.25819263581838,1.019516074649085,9874.624722449504,LTCUSDT,variante
2025-10-10 00:00:00+00:00,2025-10-10,sl,-124.2924254019137,-1.0069642453902323,9750.33229704759,LTCUSDT,variante
2025-11-10 00:00:00+00:00,2025-11-20,stop,-122.31768687970377,-1.0035980982247483,9628.014610167886,LTCUSDT,variante
